<?xml version="1.0" encoding="utf-8" ?>
<Patch>

	<!-- ========== Super dodgy but works so IDGAF ========== -->

	<Operation Class="PatchOperationSequence">
  <success>Always</success>
		<operations>
			<li Class="PatchOperationTest">
				<xpath>Defs/Nandonalt_SnowyTrees.SnowyPlantDef[defName="Plant_Bush"]</xpath>
			</li>
			<!--<li Class="PatchOperationReplace">
				<xpath>Defs/ThingDef[defName="Apparel_Bandana_Westerado"]/label</xpath>
				<value>
					<label>patch worked</label>
				</value>
			</li>-->
			<li Class="PatchOperationReplace">
				<xpath>Defs/Nandonalt_SnowyTrees.SnowyPlantDef[defName="Plant_Bush"]</xpath>
				<value>
					<Nandonalt_SnowyTrees.SnowyPlantDef>
						<defName>Plant_Bush</defName>
						<leaflessSnowyPath>Things/SnowyPlant/Bush_Leafless_Snowy</leaflessSnowyPath>
						<regularSnowyPath>Things/SnowyPlant/Bush_Snowy</regularSnowyPath>
					</Nandonalt_SnowyTrees.SnowyPlantDef>
					
					<Nandonalt_SnowyTrees.SnowyPlantDef>
						<defName>Plant_Lavender_Westerado</defName>
						<regularSnowyPath>Things/SnowyPlant/Lavender_Snowy</regularSnowyPath>
					</Nandonalt_SnowyTrees.SnowyPlantDef>
					
					<Nandonalt_SnowyTrees.SnowyPlantDef>
						<defName>Plant_Brambles</defName>
						<leaflessSnowyPath>Things/SnowyPlant/Brambles_Leafless_Snowy</leaflessSnowyPath>
						<regularSnowyPath>Things/SnowyPlant/Brambles_Snowy</regularSnowyPath>
					</Nandonalt_SnowyTrees.SnowyPlantDef>
				</value>
			</li>
		</operations>
	</Operation>

</Patch>

